condition,mutation_class,n,kills,kill_rate,valid_test_rate,retry_rate,first_attempt_kill_rate,mean_wall_seconds,mutation_score_delta
NO_RAG,sdl,3,0,0.0,0.6666666666666666,1.0,0.0,24.253333333333334,0.0
NO_RAG,semantic,6,2,0.3333333333333333,0.6666666666666666,0.6666666666666666,0.3333333333333333,52.84166666666667,0.3333333333333333
RAG,sdl,9,0,0.0,0.6666666666666666,1.0,0.0,27.801111111111112,0.0
RAG,semantic,18,6,0.3333333333333333,0.6111111111111112,0.6666666666666666,0.3333333333333333,60.34166666666667,0.3333333333333333
