condition,mutation_class,n,kills,kill_rate,valid_test_rate,retry_rate,first_attempt_kill_rate,mean_wall_seconds,mutation_score_delta
NO_RAG,higher_order,4,0,0.0,0.0,1.0,0.0,26.3675,0.0
NO_RAG,sdl,13,2,0.15384615384615385,0.38461538461538464,0.9230769230769231,0.07692307692307693,16.691538461538464,0.15384615384615385
NO_RAG,semantic,7,1,0.14285714285714285,0.14285714285714285,1.0,0.0,54.691428571428574,0.14285714285714285
RAG,higher_order,12,11,0.9166666666666666,0.9166666666666666,0.08333333333333333,0.9166666666666666,25.6525,0.9166666666666666
RAG,sdl,39,32,0.8205128205128205,0.9743589743589743,0.20512820512820512,0.7948717948717948,12.987435897435898,0.8205128205128205
RAG,semantic,21,13,0.6190476190476191,0.6190476190476191,0.5238095238095238,0.47619047619047616,52.45666666666666,0.6190476190476191
